blockNumber,timeStamp,hash,blockHash,transactionIndex,from,to,value,transaction_fee,isError,receiptStatus,contractAddress,methodId
33828966,1756481570,0x336fa6ec3a3bd4d31ac40be3b1fbf2c1e9e8109d66cd27c3b402aa6f99697767,0x224e94282cec2e12cd5f5a9cb9987955c9101022ef66935eb3dd8db6a55772df,17,0x7d5aaba426231c649142330421acbb2a8a37b65e,0xcecbff203c8b6044f52ce23d914a1bfd997541a4,0,14540200000000000,0,1,,0xcbaa8d43
33885960,1756505393,0x21acde63fdb6f5dccf150378cb5ebb64f1ba22f2ae14f80bca01deb75c0958c0,0xf96c5b69c693682aacef9232b5fa7dfe902e5bebb867b9034f86a64e75875008,6,0x7d5aaba426231c649142330421acbb2a8a37b65e,0xcecbff203c8b6044f52ce23d914a1bfd997541a4,0,6145620000000000,0,1,,0x6e77ceaf
33886449,1756505598,0xff3ce19e5ee241ca2bac29592beee3487432a06232c97784835f7299f118766a,0xf51aeb2833d83e2da4840225f349fbe57625eed875cb99aa76f812933042aa10,8,0x7d5aaba426231c649142330421acbb2a8a37b65e,0xcecbff203c8b6044f52ce23d914a1bfd997541a4,0,2554448000000000,0,1,,0x6e77ceaf
33886995,1756505826,0x15d488abffb962ea792928c8ca6a09da895a51734f3c6e36fd75bd67dabd9a11,0xdcd130af62051109e8cfc8596c18a8e0a80c5fb2d7a965931c87da3f9a6d631a,7,0x7d5aaba426231c649142330421acbb2a8a37b65e,0xcecbff203c8b6044f52ce23d914a1bfd997541a4,0,2554448000000000,0,1,,0x6e77ceaf
33895981,1756509603,0x5f193dd4a5b7dc4c76e22d5c2891730811de8233a7c4922a8f5f724580d462e5,0x476bb11495ddb3b19d07cdf40e1a5feaf92248e78f842b67a7a0dd859ed96d66,5,0x7d5aaba426231c649142330421acbb2a8a37b65e,0xcecbff203c8b6044f52ce23d914a1bfd997541a4,0,6145620000000000,0,1,,0x6e77ceaf
33896337,1756509749,0x8103098babd6aea5c7e80fab523a2c6dbc095a18fe15d5d4ba8fef07ab2a72d6,0x8f900db6f98c0d561e1bcae5aa959aa2282a8995e345bef7a7eb2f02ef78d6ca,11,0x7d5aaba426231c649142330421acbb2a8a37b65e,0xcecbff203c8b6044f52ce23d914a1bfd997541a4,0,2554448000000000,0,1,,0x6e77ceaf
33902567,1756512342,0xbe5b1039d461fb468e1f46d4ebc2d3834ce252e699a8246f5b84ddd7b1c58764,0x5e7994440b8d60db3f962ef8130af3a3819fde0d0c4ad8a18a1fb82375b0b1bf,10,0x7d5aaba426231c649142330421acbb2a8a37b65e,0xcecbff203c8b6044f52ce23d914a1bfd997541a4,0,2554448000000000,0,1,,0x6e77ceaf
33904888,1756513298,0x717a4f3ea215762ba0e159d324900ead437e8419a882b7401db5ba7d4f5109c3,0x5fcfe7fdbc3b488ee74360cab23c057f7d18038c788d0c9cca9268934aaa9d06,17,0x7d5aaba426231c649142330421acbb2a8a37b65e,0xcecbff203c8b6044f52ce23d914a1bfd997541a4,0,2554448000000000,0,1,,0x6e77ceaf
33904965,1756513331,0x12c2298b0f1fc2424e646ffa46d40fed63c7302214d6ca9b57f9d267c31dcf6e,0xba3d743f870f4dd92cef73eb0c83aa867d2cb3e0074cbe72cdc04403d828a060,14,0x7d5aaba426231c649142330421acbb2a8a37b65e,0xcecbff203c8b6044f52ce23d914a1bfd997541a4,0,2554448000000000,0,1,,0x6e77ceaf
33912457,1756516466,0x7b89574ae3d75cd536bf450e92ef3311eab271a1c3666d479142fa18951848b9,0xb4710b62ebc3fa9016c1f1b217533706a887b702a375a8f3c38e80939f6fbc3b,7,0x7d5aaba426231c649142330421acbb2a8a37b65e,0xcecbff203c8b6044f52ce23d914a1bfd997541a4,0,4360148000000000,0,1,,0x6e77ceaf
33915413,1756517697,0xc97d18d31aa60245dd28b1073aa17497b56cbf6bf4e3904aa3c35247b00cfaa6,0x5a8e1a2fde500144bcba43276ff205dac61946fbbf179cf00b4022d20efc0315,19,0x7d5aaba426231c649142330421acbb2a8a37b65e,0xcecbff203c8b6044f52ce23d914a1bfd997541a4,0,2554448000000000,0,1,,0x6e77ceaf
33917005,1756518362,0xba05c68ca951ef105c3453ca6e77aa2d84761de247f829634257925348f9b292,0xf299d0def49cf53cb930bc6231c9f0c8e1371f57b204eb3c163bdbc1890acff7,28,0x7d5aaba426231c649142330421acbb2a8a37b65e,0xba838e4cca4b852e1aebd32f248967ad98c3aa45,0,3534300000000000,0,1,,0xa22cb465
33917216,1756518450,0x9a00d600bd7c57fecbeefbd0cace0f9cb376a0f787e62c594bd371b9f0f90b76,0x20ef161bda904a96a5b83ad7bb8e23355b3f7e26033d4b03ecab31dad025479e,17,0x7d5aaba426231c649142330421acbb2a8a37b65e,0xc1afded3a96adcfd5d2148ddd54a2db95f770b19,0,3526350000000000,0,1,,0xa22cb465
33921346,1756520183,0xc3aee49e24087903b9b94acd9f3f7d5dc8128071d4b7ce7b622b69ee011db910,0x48d941af53978814db432278cf5385731a871aac7b478b213561b67475d54bbd,11,0x7d5aaba426231c649142330421acbb2a8a37b65e,0xcecbff203c8b6044f52ce23d914a1bfd997541a4,0,6145620000000000,0,1,,0x6e77ceaf
33921535,1756520261,0xf592b8d08d3ae2522fb70b44c44c24ee014d00b016ab817662bf654959c779e2,0xc587cfb00bb2d0d78aef1cc5c2675f1e323efda659753bb138334ebdec4a9790,35,0x7d5aaba426231c649142330421acbb2a8a37b65e,0xcecbff203c8b6044f52ce23d914a1bfd997541a4,0,2553824000000000,0,1,,0x6e77ceaf
33921925,1756520421,0x0937e06616fd4ab3612c44678dd0085d87bda7e4f02a3527772880af85be7965,0x42e4c4c16a3fdb30cc30fd5941a9c7656dfd6a4a6a20cd82965c86bbe1ac452e,27,0x7d5aaba426231c649142330421acbb2a8a37b65e,0xcecbff203c8b6044f52ce23d914a1bfd997541a4,0,2554448000000000,0,1,,0x6e77ceaf
33922076,1756520483,0x7ab7ea357de1502663ff790f6dd90443e94cd5b8414cd2e414e454a89b187cc7,0xeaa45cc9327e342660e367c19b9d5b4c0aa1173e743b827c9bda015eb0bb9819,8,0x7d5aaba426231c649142330421acbb2a8a37b65e,0xcecbff203c8b6044f52ce23d914a1bfd997541a4,0,2554448000000000,0,1,,0x6e77ceaf
33923573,1756521106,0x272722964ec779555ea477d94d21508bb0e004e10e73064bbcc670e80d808fc8,0x8312494a03b763af22e2a0b88762cdfd18bf54da734a0ec525353ea6fd165fca,19,0x7d5aaba426231c649142330421acbb2a8a37b65e,0xcecbff203c8b6044f52ce23d914a1bfd997541a4,0,2554448000000000,0,1,,0x6e77ceaf
33963621,1756537831,0xa2871b08a64427d1aac52378d6412cd79d76be010bdfbedb6841bb48bad0e5d2,0x502b05dc3335db6d883fa38f10f69e0b47ef6d5b7c7aaf284b86528471c0e656,16,0x7d5aaba426231c649142330421acbb2a8a37b65e,0xcecbff203c8b6044f52ce23d914a1bfd997541a4,0,2554448000000000,0,1,,0x6e77ceaf
33969609,1756540325,0x00ffe8f8acaa19dac7f7f14b59b12e4f3c66731edd0da6ef08d018b13038e47d,0xd2fa64f750ba91144afcda59a434724f017aa0e59fcfef505dd7f23a32862ede,50,0x7d5aaba426231c649142330421acbb2a8a37b65e,0xcecbff203c8b6044f52ce23d914a1bfd997541a4,0,2554448000000000,0,1,,0x6e77ceaf
33982423,1756545688,0xf6b9d9ede7f41476808ff119c2a6118d751f4a7cb94ee8207d4c85887552b6a2,0x7c54eced4cb674757261416586d78e1168cf7bda8eefa05a22cb0cd63c0b141f,11,0x7d5aaba426231c649142330421acbb2a8a37b65e,0xcecbff203c8b6044f52ce23d914a1bfd997541a4,0,6145620000000000,0,1,,0x6e77ceaf
34112764,1756600122,0xdb6a5f1d3160f7b7ca77595553972645cf36c205b7411a098e4ea877c2f629ce,0x7bf91b0622011fdf8759a4f8778de21120ff93b19c0884616ea0ece897d9c19a,8,0x7d5aaba426231c649142330421acbb2a8a37b65e,0xcecbff203c8b6044f52ce23d914a1bfd997541a4,0,4360148000000000,0,1,,0x6e77ceaf
34401062,1756720521,0x0cd26cea44be1f58253870a34478645dc18bf21a5987e0c3e5c9a492c0be34be,0xf309154b0855362a7952feeeea3b9664e56834f4c7c866c5addc8a3ef5569bce,13,0x7d5aaba426231c649142330421acbb2a8a37b65e,0xcecbff203c8b6044f52ce23d914a1bfd997541a4,0,4360148000000000,0,1,,0x6e77ceaf
34401082,1756720535,0x21db73fd2c18df122cec1833567c7afcc17826e592abcb14bab7a18cc6618c47,0x5d3b119d9791d7f7e560377e70cf24313fe0edd0752e9f0dfa719a36b855b719,15,0x7d5aaba426231c649142330421acbb2a8a37b65e,0xcecbff203c8b6044f52ce23d914a1bfd997541a4,0,2553824000000000,0,1,,0x6e77ceaf
34401147,1756720562,0xe99ff8d6cdf63312fcd67ec639b848067aa3198357afa4020bd75afc6a13de59,0x5c4774c34fd3428c6b9eff4d788530a9d018cc39a972de80f110108f12b0b20e,24,0x7d5aaba426231c649142330421acbb2a8a37b65e,0xcecbff203c8b6044f52ce23d914a1bfd997541a4,0,2553824000000000,0,1,,0x6e77ceaf
34455591,1756743305,0x4cc24746256da840fccc98af4213fe10420144ea5af2bcdf496c85619c50a085,0x70b1f9af77d71aaf4ce36a0395d8f9398e392edcb20bde517649d76acaa0cc6c,20,0x7d5aaba426231c649142330421acbb2a8a37b65e,0xcecbff203c8b6044f52ce23d914a1bfd997541a4,0,2554448000000000,0,1,,0x6e77ceaf
34455658,1756743334,0xaf3d12cf890142c292f80b5919f5b6569379cecfed3899ca08d3f90497897caf,0xd13ca856f5e9df00d78aee83dc43a2774aab650b37a9565a0bf942837b2e75ef,5,0x7d5aaba426231c649142330421acbb2a8a37b65e,0xcecbff203c8b6044f52ce23d914a1bfd997541a4,0,2554448000000000,0,1,,0x6e77ceaf
34455761,1756743378,0x421bbde35293298d64dc6f125ee5f4e330e7ea76f284702cbe7e45b733fd8fcc,0x66fe62c4d16310c24b08141224a6bb0d283071696c2b3239d83be469c667f3e0,13,0x7d5aaba426231c649142330421acbb2a8a37b65e,0xcecbff203c8b6044f52ce23d914a1bfd997541a4,0,2553824000000000,0,1,,0x6e77ceaf
34596649,1756802287,0x6b7ab4286890e92fc8decc4df6243349c602ab0a0677a19f56532a27f67a90ae,0xb0d4446e7d518a9e8e18b509417ac0a8363f5062ca80119fa1450737e1027db4,17,0x7d5aaba426231c649142330421acbb2a8a37b65e,0xcecbff203c8b6044f52ce23d914a1bfd997541a4,0,2554448000000000,0,1,,0x6e77ceaf
34600735,1756804015,0x279be8a4b393aa0362e59a70c68149fc836ef49cda3e54d05bca7d54a43ea692,0xb098722b2e7703b8e2666e6f04b32cdd4e19adee9baa9d2b331bff3e4e98b66d,66,0x7d5aaba426231c649142330421acbb2a8a37b65e,0xcecbff203c8b6044f52ce23d914a1bfd997541a4,0,6145620000000000,0,1,,0x6e77ceaf
34610411,1756808075,0x5037f2d2d2dbe80c932f315d876c98d93e34820c5acafa046701b38ef075376e,0xa20c8b7fab14daedf2d378966a9a7a43e51d543fdf3da0f3f974a085340d42ac,12,0x7d5aaba426231c649142330421acbb2a8a37b65e,0xcecbff203c8b6044f52ce23d914a1bfd997541a4,0,2554448000000000,0,1,,0x6e77ceaf
34610485,1756808106,0xbb13122003897576bfcc15cee96f0446cb2dbd4d50745ca933c21f002eb17c15,0xe1c3d1250ec685dbfc84b0e252fc4e33b78a3f21db8801bc29bc8572cda6ed3f,20,0x7d5aaba426231c649142330421acbb2a8a37b65e,0xcecbff203c8b6044f52ce23d914a1bfd997541a4,0,2554448000000000,0,1,,0x6e77ceaf
34739148,1756861867,0xc9f65cd45625573064757a8157311080241537fffc16415863208ae7832b505f,0xedc57dd7ae5683283ff816b3f00fe093bcf025fdc6f44fa0971a0e322442ac74,27,0x7d5aaba426231c649142330421acbb2a8a37b65e,0xe847eb5e5d09a5707dc544f1fb8245f7d4db2111,10000000000000000000,1575000000000000,0,1,,0x
35782328,1757297980,0x9b772daab99ca89a03493e5af5d0cba4dbadeb7d3dd9c088301acf4adbf6c86e,0x086558715d898b7db5eb5b4326f034c2b66336b8eef9a456229372d3c0bf32bb,15,0x7d5aaba426231c649142330421acbb2a8a37b65e,0xcecbff203c8b6044f52ce23d914a1bfd997541a4,0,6145620000000000,0,1,,0x6e77ceaf
35784854,1757299081,0x2b692e475b35587504c3d65cc4a9cbae762bb2671034ebdc5c57c6328cf8b47c,0xe98fc00cdc37e607f2648bf465d21b984d685886636989d0c7235e4668a7c972,29,0x7d5aaba426231c649142330421acbb2a8a37b65e,0xcecbff203c8b6044f52ce23d914a1bfd997541a4,0,2554448000000000,0,1,,0x6e77ceaf
35784951,1757299121,0xd08bfb47e38cac7f378e8a4ce59e4b4103d16ec81148d5a7b955ac3cc56201fb,0xf299d5a8a04d94fa2833c1c0a127373ddff82b7b3292fd0894b3369e3ae03db7,31,0x7d5aaba426231c649142330421acbb2a8a37b65e,0xcecbff203c8b6044f52ce23d914a1bfd997541a4,0,2553824000000000,0,1,,0x6e77ceaf
35785077,1757299173,0xb31a0da39361923c9b62da2d566f8f6378f106e47a2df5b4cd06d59cded2dd1e,0x16b33eaef7e9706918059f46ccb835a1d0ca56b8ef93104df2da19dd58b7a199,18,0x7d5aaba426231c649142330421acbb2a8a37b65e,0xcecbff203c8b6044f52ce23d914a1bfd997541a4,0,2554448000000000,0,1,,0x6e77ceaf
35785456,1757299330,0x62af28b662d36d945a00ddbbc1d3a939438453ccecf1462f622fdce0255f20c8,0x0c1ff78d2b8d3c2c2567a75d0e6cb36658722421f941fc6594b3a4f285135783,23,0x7d5aaba426231c649142330421acbb2a8a37b65e,0xcecbff203c8b6044f52ce23d914a1bfd997541a4,0,2554448000000000,0,1,,0x6e77ceaf
35786596,1757299813,0x0fec2ce32a59b197c8d0ad44000850e7c5498dae3c1accdb4f2583be1737e768,0x962cfeaac5a33b85e870e638a923cbe15fe2501caca4c5a7428e441850ab50b0,52,0x7d5aaba426231c649142330421acbb2a8a37b65e,0xcecbff203c8b6044f52ce23d914a1bfd997541a4,0,2554448000000000,0,1,,0x6e77ceaf
35786673,1757299845,0xce8e5eb333142a4f7abd4167d252d9126a341fdc2cf6eb0f9d1200268c8f57df,0x81e47fb1a37b7a62a20beda5bded7d87b5d9e42bb02723c71d9082b084a09b05,20,0x7d5aaba426231c649142330421acbb2a8a37b65e,0xcecbff203c8b6044f52ce23d914a1bfd997541a4,0,2554448000000000,0,1,,0x6e77ceaf
35786773,1757299887,0x5fee5b4bc296ff5a5acb8eb7f4238a5508ce94034850ee53dc92278e7e3eb74c,0x92933e3c22cf5f92e0cf85c1d41b0c1ee3b464364df128303b7158e403947b23,26,0x7d5aaba426231c649142330421acbb2a8a37b65e,0xcecbff203c8b6044f52ce23d914a1bfd997541a4,0,2554448000000000,0,1,,0x6e77ceaf
35786812,1757299903,0x63e26f7e948b132c753aa1c56430db418fdaa6113d66adb5c083da7f363b4635,0x731535d5861284bc1eb6a43c41e76e69c8dd445096d8fde3da707c7b59af1214,30,0x7d5aaba426231c649142330421acbb2a8a37b65e,0xcecbff203c8b6044f52ce23d914a1bfd997541a4,0,2553824000000000,0,1,,0x6e77ceaf
35786854,1757299920,0x684902a4802cf974801d8859015dd5cc20665796781c3ea4a46d54debeb50cf1,0xcb6d6810c106f6eb7e9fd674c40cc288e68ca3d86271f283d5b0632bd97dcd91,12,0x7d5aaba426231c649142330421acbb2a8a37b65e,0xcecbff203c8b6044f52ce23d914a1bfd997541a4,0,2553824000000000,0,1,,0x6e77ceaf
35786912,1757299944,0x92321d9935dc9e23df62dc17a17c10ded843f48a67badffbe9caf97140ca1d05,0x2398601052c4d7e92d50159762b0aa3a93d9ce67dac66e4a8279ecb2f5ef9da0,20,0x7d5aaba426231c649142330421acbb2a8a37b65e,0xcecbff203c8b6044f52ce23d914a1bfd997541a4,0,2554448000000000,0,1,,0x6e77ceaf
35787090,1757300018,0x0f9d48323310d1db3dd1def440b9a98411a124b310785351ee974d4b5af3a077,0x6306c4b34fa751595dfa8cd090ce2ed420677da9fa69aa8ee4a2dcd6b81bce40,13,0x7d5aaba426231c649142330421acbb2a8a37b65e,0xcecbff203c8b6044f52ce23d914a1bfd997541a4,0,2554448000000000,0,1,,0x6e77ceaf
35787403,1757300149,0x35ba02b488fbe6ccd7a8432fa318a5ebc5162e347a1015ab4ab6905f5af45922,0x5c30a66b082f247c1ded3ae42caf9b0c06f0fef75040f0e7b15801146926b022,16,0x7d5aaba426231c649142330421acbb2a8a37b65e,0xcecbff203c8b6044f52ce23d914a1bfd997541a4,0,2554448000000000,0,1,,0x6e77ceaf
35787455,1757300171,0x916b1c1cf889b5f1144c5dac1f21d131039cb0378d5d6b8e3680b61829911d5c,0xa1de831633907fe10eaad82aa63d0863506cc673c1db6b3fe4b300a0c3aa8576,47,0x7d5aaba426231c649142330421acbb2a8a37b65e,0xcecbff203c8b6044f52ce23d914a1bfd997541a4,0,2553824000000000,0,1,,0x6e77ceaf
35787509,1757300194,0x60ab9ede9e1a494c064c0477e1751c3110519d92f50ce5dc3752cc21fa0b69ba,0x1d2aca65376c64df09045b90d27f9fe800171fac8a91af38964207e652834f5c,63,0x7d5aaba426231c649142330421acbb2a8a37b65e,0xcecbff203c8b6044f52ce23d914a1bfd997541a4,0,2554448000000000,0,1,,0x6e77ceaf
